hp_id,name
HP:0000001,name_1
HP:0000002,name_2
HP:0000003,name_3
HP:0000004,name_4
HP:0000005,name_5
HP:0000006,name_6
HP:0000007,name_7
HP:0000008,name_8
HP:0000009,name_9
HP:0000010,name_10
HP:0000011,name_11
HP:0000012,name_12
HP:0000013,name_13
HP:0000014,name_14
HP:0000015,name_15
HP:0000016,name_16
HP:0000017,name_17
HP:0000018,name_18
HP:0000019,name_19
HP:0000020,name_20
HP:0000021,name_21
HP:0000022,name_22
HP:0000023,name_23
HP:0000024,name_24
HP:0000025,name_25
HP:0000026,name_26
HP:0000027,name_27
HP:0000028,name_28
HP:0000029,name_29
HP:0000030,name_30
